<?xml version="1.0" encoding="UTF-8"?>
<metadata xml:lang="en"><Esri><CreaDate>20140819</CreaDate><CreaTime>17272900</CreaTime><ArcGISFormat>1.0</ArcGISFormat><SyncOnce>TRUE</SyncOnce><DataProperties><itemProps><itemLocation><linkage Sync="TRUE">file://\\pitondc1\Departments\Data\Source Data\UPLOAD\Spatial\Education\PublicSchools201213</linkage><protocol Sync="TRUE">Local Area Network</protocol></itemLocation></itemProps><copyHistory><copy source="O:\Data\Spatial\Schools\PublicSchools201213" dest="\\pitondc1\Departments\Data\Source Data\UPLOAD\Spatial\Education\PublicSchools201213" date="20130315" time="13180700"></copy></copyHistory><lineage><Process ToolSource="C:\Program Files\ArcGIS\Desktop10.0\ArcToolbox\Toolboxes\Data Management Tools.tbx\Append" Date="20130318" Time="110938">Append Export_Output_3 school_state_geography_2013 NO_TEST "OID_ "OID_" true false false 254 Text 0 0 ,First,#,C:\Documents and Settings\QLiu\Desktop\Export_Output_3.shp,OID_,-1,-1;Note "Note" true false false 254 Text 0 0 ,First,#,C:\Documents and Settings\QLiu\Desktop\Export_Output_3.shp,Note,-1,-1;SchoolCode "SchoolCode" true false false 254 Text 0 0 ,First,#,C:\Documents and Settings\QLiu\Desktop\Export_Output_3.shp,schoolcode,-1,-1;DPSCode "DPSCode" true false false 254 Text 0 0 ,First,#,C:\Documents and Settings\QLiu\Desktop\Export_Output_3.shp,DPSCode,-1,-1;SchoolName "SchoolName" true false false 254 Text 0 0 ,First,#,C:\Documents and Settings\QLiu\Desktop\Export_Output_3.shp,schoolname,-1,-1;SchoolLabe "SchoolLabe" true false false 254 Text 0 0 ,First,#,C:\Documents and Settings\QLiu\Desktop\Export_Output_3.shp,SchoolLabe,-1,-1;Address "Address" true false false 254 Text 0 0 ,First,#,C:\Documents and Settings\QLiu\Desktop\Export_Output_3.shp,Address,-1,-1;City "City" true false false 254 Text 0 0 ,First,#,C:\Documents and Settings\QLiu\Desktop\Export_Output_3.shp,City,-1,-1;State "State" true false false 254 Text 0 0 ,First,#,C:\Documents and Settings\QLiu\Desktop\Export_Output_3.shp,State,-1,-1;Zipcode "Zipcode" true false false 254 Text 0 0 ,First,#,C:\Documents and Settings\QLiu\Desktop\Export_Output_3.shp,Zipcode,-1,-1;LowestGrad "LowestGrad" true false false 254 Text 0 0 ,First,#,C:\Documents and Settings\QLiu\Desktop\Export_Output_3.shp,LowestGrad,-1,-1;HighestGra "HighestGra" true false false 254 Text 0 0 ,First,#,C:\Documents and Settings\QLiu\Desktop\Export_Output_3.shp,HighestGra,-1,-1;SchoolType "SchoolType" true false false 254 Text 0 0 ,First,#,C:\Documents and Settings\QLiu\Desktop\Export_Output_3.shp,SchoolType,-1,-1;Organizati "Organizati" true false false 254 Text 0 0 ,First,#,C:\Documents and Settings\QLiu\Desktop\Export_Output_3.shp,Organizati,-1,-1;DistrictNa "DistrictNa" true false false 254 Text 0 0 ,First,#,C:\Documents and Settings\QLiu\Desktop\Export_Output_3.shp,DistrictNa,-1,-1;Lat "Lat" true false false 16 Double 6 15 ,First,#,C:\Documents and Settings\QLiu\Desktop\Export_Output_3.shp,Lat,-1,-1;Long "Long" true false false 16 Double 6 15 ,First,#,C:\Documents and Settings\QLiu\Desktop\Export_Output_3.shp,Long,-1,-1" #</Process><Process ToolSource="C:\Program Files\ArcGIS\Desktop10.0\ArcToolbox\Toolboxes\Data Management Tools.tbx\Append" Date="20130318" Time="112339">Append Export_Output_5 school_state_geography_2013 NO_TEST "OID_ "OID_" true false false 254 Text 0 0 ,First,#,C:\Documents and Settings\QLiu\Desktop\Export_Output_5.shp,OID_,-1,-1;Note "Note" true false false 254 Text 0 0 ,First,#,C:\Documents and Settings\QLiu\Desktop\Export_Output_5.shp,Note,-1,-1;SchoolCode "SchoolCode" true false false 254 Text 0 0 ,First,#,C:\Documents and Settings\QLiu\Desktop\Export_Output_5.shp,schoolcode,-1,-1;DPSCode "DPSCode" true false false 254 Text 0 0 ,First,#,C:\Documents and Settings\QLiu\Desktop\Export_Output_5.shp,DPSCode,-1,-1;SchoolName "SchoolName" true false false 254 Text 0 0 ,First,#,C:\Documents and Settings\QLiu\Desktop\Export_Output_5.shp,schoolname,-1,-1;SchoolLabe "SchoolLabe" true false false 254 Text 0 0 ,First,#,C:\Documents and Settings\QLiu\Desktop\Export_Output_5.shp,SchoolLabe,-1,-1;Address "Address" true false false 254 Text 0 0 ,First,#,C:\Documents and Settings\QLiu\Desktop\Export_Output_5.shp,Address,-1,-1;City "City" true false false 254 Text 0 0 ,First,#,C:\Documents and Settings\QLiu\Desktop\Export_Output_5.shp,City,-1,-1;State "State" true false false 254 Text 0 0 ,First,#,C:\Documents and Settings\QLiu\Desktop\Export_Output_5.shp,State,-1,-1;Zipcode "Zipcode" true false false 254 Text 0 0 ,First,#,C:\Documents and Settings\QLiu\Desktop\Export_Output_5.shp,Zipcode,-1,-1;LowestGrad "LowestGrad" true false false 254 Text 0 0 ,First,#,C:\Documents and Settings\QLiu\Desktop\Export_Output_5.shp,LowestGrad,-1,-1;HighestGra "HighestGra" true false false 254 Text 0 0 ,First,#,C:\Documents and Settings\QLiu\Desktop\Export_Output_5.shp,HighestGra,-1,-1;SchoolType "SchoolType" true false false 254 Text 0 0 ,First,#,C:\Documents and Settings\QLiu\Desktop\Export_Output_5.shp,SchoolType,-1,-1;Organizati "Organizati" true false false 254 Text 0 0 ,First,#,C:\Documents and Settings\QLiu\Desktop\Export_Output_5.shp,Organizati,-1,-1;DistrictNa "DistrictNa" true false false 254 Text 0 0 ,First,#,C:\Documents and Settings\QLiu\Desktop\Export_Output_5.shp,DistrictNa,-1,-1;Lat "Lat" true false false 16 Double 6 15 ,First,#,C:\Documents and Settings\QLiu\Desktop\Export_Output_5.shp,Lat,-1,-1;Long "Long" true false false 16 Double 6 15 ,First,#,C:\Documents and Settings\QLiu\Desktop\Export_Output_5.shp,Long,-1,-1" #</Process><Process ToolSource="C:\Program Files\ArcGIS\Desktop10.0\ArcToolbox\Toolboxes\Data Management Tools.tbx\CalculateField" Date="20130318" Time="114956">CalculateField school_state_geography_2013 distcode [Organizati] VB #</Process><Process ToolSource="C:\Program Files\ArcGIS\Desktop10.0\ArcToolbox\Toolboxes\Data Management Tools.tbx\CalculateField" Date="20130318" Time="115008">CalculateField school_state_geography_2013 distname [DistrictNa] VB #</Process><Process ToolSource="C:\Program Files\ArcGIS\Desktop10.0\ArcToolbox\Toolboxes\Data Management Tools.tbx\CalculateField" Date="20130318" Time="115433">CalculateField school_state_geography_2013 x 0 VB #</Process><Process ToolSource="C:\Program Files\ArcGIS\Desktop10.0\ArcToolbox\Toolboxes\Data Management Tools.tbx\CalculateField" Date="20130318" Time="115439">CalculateField school_state_geography_2013 y 0 VB #</Process><Process ToolSource="c:\program files (x86)\arcgis\desktop10.1\ArcToolbox\Toolboxes\Data Management Tools.tbx\Append" Date="20140716" Time="165621">Append add_school_Layer school_state_geography_2013 NO_TEST "SchoolCode "SchoolCode" true false false 254 Text 0 0 ,First,#,add_school_Features,schoolcode,-1,-1;SchoolName "SchoolName" true false false 254 Text 0 0 ,First,#,add_school_Features,schoolname,-1,-1;distcode "distcode" true false false 4 Text 0 0 ,First,#,add_school_Features,distcode,-1,-1;distname "distname" true false false 200 Text 0 0 ,First,#,add_school_Features,distname,-1,-1;x "x" true false false 19 Double 0 0 ,First,#,add_school_Features,x,-1,-1;y "y" true false false 19 Double 0 0 ,First,#,add_school_Features,y,-1,-1" #</Process></lineage></DataProperties></Esri></metadata>
